{
  "project_info": {
    "project_number": "526574364943",
    "firebase_url": "https://application-2b947.firebaseio.com",
    "project_id": "application-2b947",
    "storage_bucket": "application-2b947.appspot.com"
  },
  "client": [
    {
      "client_info": {
        "mobilesdk_app_id": "1:526574364943:android:702a2171b1b61b8c",
        "android_client_info": {
          "package_name": "com.example.mark.application"
        }
      },
      "oauth_client": [
        {
          "client_id": "526574364943-u1l2t4nj6vm0gbgielo6v22q7jbnsafg.apps.googleusercontent.com",
          "client_type": 1,
          "android_info": {
            "package_name": "com.example.mark.application",
            "certificate_hash": "c2e0a353aa098121d87b5215bdbda96b2dcf28d0"
          }
        },
        {
          "client_id": "526574364943-42avinhbv5b7f20sf3fuemipntrs6c84.apps.googleusercontent.com",
          "client_type": 3
        }
      ],
      "api_key": [
        {
          "current_key": "AIzaSyDfZoHB-QQ8-FGJE9dY5_oro18bqh5KLiw"
        }
      ],
      "services": {
        "analytics_service": {
          "status": 1
        },
        "appinvite_service": {
          "status": 2,
          "other_platform_oauth_client": [
            {
              "client_id": "526574364943-42avinhbv5b7f20sf3fuemipntrs6c84.apps.googleusercontent.com",
              "client_type": 3
            }
          ]
        },
        "ads_service": {
          "status": 2
        }
      }
    }
  ],
  "configuration_version": "1"
}